FIPS,Resp_HI
36005000100,3.174
36005000200,2.858
36005000400,2.95
36005001600,2.974
36005001900,3.994
36005002000,3.158
36005002300,4.009
36005002400,2.193
36005002500,3.762
36005002701,3.928
36005002702,3.633
36005002800,3.668
36005003100,3.471
36005003300,3.49
36005003500,3.502
36005003700,3.328
36005003800,3.11
36005003900,3.698
36005004001,3.107
36005004100,3.711
36005004200,3.445
36005004300,3.634
36005004400,3.343
36005004600,3.415
36005004800,3.52
36005005001,3.498
36005005002,3.43
36005005100,3.942
36005005200,3.238
36005005300,5.138
36005005400,3.092
36005005600,3.097
36005005902,3.914
36005006000,3.418
36005006100,3.748
36005006200,3.502
36005006300,3.75
36005006400,3.95
36005006500,3.697
36005006700,3.616
36005006800,3.653
36005006900,3.564
36005007000,3.163
36005007100,3.293
36005007200,3.349
36005007300,3.477
36005007400,3.008
36005007500,3.426
36005007600,3.621
36005007700,3.38
36005007800,3.555
36005007900,3.463
36005008300,3.498
36005008400,3.086
36005008500,3.414
36005008600,3.091
36005008700,3.332
36005008900,3.488
36005009000,2.755
36005009200,3.384
36005009300,3.13
36005009600,3.066
36005009800,3.465
36005011000,2.878
36005011502,3.453
36005011700,3.09
36005011800,2.971
36005011900,3.472
36005012101,3.108
36005012102,3.523
36005012300,3.434
36005012500,3.238
36005012701,3.361
36005012901,3.419
36005013000,3.606
36005013100,3.339
36005013200,2.528
36005013300,3.507
36005013500,3.296
36005013800,4.256
36005014100,3.466
36005014300,3.419
36005014400,2.787
36005014500,3.331
36005014701,3.555
36005014702,3.588
36005014900,3.412
36005015100,3.279
36005015200,3.296
36005015300,3.153
36005015500,3.253
36005015700,3.466
36005015800,3.052
36005015900,3.341
36005016000,3.061
36005016100,3.324
36005016200,2.881
36005016300,X
36005016400,2.957
36005016500,3.882
36005016600,3.16
36005016700,3.187
36005016900,3.309
36005017100,X
36005017300,3.633
36005017500,3.702
36005017701,3.644
36005017702,3.61
36005017901,3.912
36005017902,3.814
36005018101,3.802
36005018102,3.894
36005018301,4.29
36005018302,3.82
36005018400,2.859
36005018500,3.365
36005018900,4.174
36005019300,4.09
36005019400,3.712
36005019500,3.8
36005019700,3.814
36005019900,3.745
36005020000,2.898
36005020100,4.584
36005020200,3.008
36005020400,3.086
36005020501,5.406
36005020502,4.031
36005020601,3.005
36005020900,3.767
36005021001,3.644
36005021002,3.551
36005021100,3.885
36005021200,3.592
36005021301,5.316
36005021302,4.206
36005021501,3.864
36005021502,3.805
36005021601,3.267
36005021602,3.311
36005021700,4.36
36005021800,3.626
36005021900,3.689
36005022000,3.508
36005022101,3.959
36005022102,4.048
36005022200,2.969
36005022300,3.792
36005022401,3.532
36005022403,3.305
36005022404,3.311
36005022500,3.652
36005022701,4.238
36005022702,5.269
36005022703,4.928
36005022800,3.179
36005022901,5.164
36005022902,3.815
36005023000,3.234
36005023100,5.199
36005023200,3.042
36005023301,3.843
36005023302,4.014
36005023501,3.875
36005023502,3.824
36005023600,3.242
36005023702,3.917
36005023703,3.962
36005023704,4.002
36005023800,2.986
36005023900,3.854
36005024000,3.3
36005024100,3.74
36005024300,3.721
36005024400,3.047
36005024501,3.782
36005024502,3.74
36005024600,3.037
36005024700,4.466
36005024800,2.973
36005024900,X
36005025000,2.83
36005025100,3.69
36005025200,2.99
36005025300,3.76
36005025400,2.816
36005025500,3.574
36005025600,2.873
36005025700,4.436
36005026100,3.372
36005026300,3.601
36005026400,2.764
36005026500,3.399
36005026601,2.805
36005026602,2.822
36005026701,3.676
36005026702,3.674
36005026900,4.088
36005027300,3.949
36005027401,2.952
36005027402,2.555
36005027600,2.497
36005027700,5.01
36005027900,4.048
36005028100,3.049
36005028300,7.036
36005028400,3.024
36005028500,4.013
36005028600,2.695
36005028700,4.91
36005028800,2.763
36005028900,4.994
36005029301,3.429
36005029302,4.394
36005029500,3.606
36005029600,2.595
36005029700,4.51
36005030000,2.9
36005030100,4.023
36005030200,3.702
36005030701,3.483
36005030900,2.723
36005031000,2.728
36005031200,2.637
36005031400,2.748
36005031600,2.864
36005031800,2.972
36005031900,1.974
36005032300,2.925
36005032400,3.204
36005032600,3.362
36005032800,3.771
36005033000,4.417
36005033201,4.28
36005033202,3.971
36005033400,3.682
36005033500,3.993
36005033600,3.148
36005033700,3.313
36005033800,3.258
36005034000,3.398
36005034200,4.119
36005034300,3.439
36005034400,4.351
36005034500,4.312
36005034800,3.284
36005035000,2.85
36005035100,3.664
36005035600,3.469
36005035800,3.282
36005035900,3.585
36005036000,2.919
36005036100,3.285
36005036300,3.237
36005036400,4.096
36005036501,3.387
36005036502,3.789
36005036700,3.119
36005036800,3.692
36005036901,3.958
36005036902,3.334
36005037000,3.098
36005037100,3.271
36005037200,2.891
36005037300,3.37
36005037400,2.877
36005037504,3.459
36005037600,2.921
36005037800,2.764
36005037900,7.095
36005038000,2.987
36005038100,3.827
36005038200,3.271
36005038301,4.503
36005038302,7.947
36005038500,3.906
36005038600,3.917
36005038700,3.754
36005038800,2.864
36005038900,4.123
36005039000,2.791
36005039100,3.425
36005039200,2.672
36005039300,3.695
36005039400,2.807
36005039500,3.673
36005039600,2.766
36005039700,4.187
36005039800,2.767
36005039901,3.592
36005039902,4.402
36005040100,3.581
36005040302,3.638
36005040303,3.584
36005040304,3.643
36005040400,2.88
36005040501,3.692
36005040502,3.693
36005040600,2.858
36005040701,3.298
36005040702,3.398
36005040800,2.819
36005040900,2.867
36005041100,3.133
36005041300,3.262
36005041400,2.702
36005041500,3.384
36005041800,2.699
36005041900,3.039
36005042000,2.799
36005042100,3.026
36005042200,2.882
36005042300,3.025
36005042400,2.787
36005042500,3.182
36005042600,2.841
36005042800,2.691
36005042901,3.087
36005042902,3.051
36005043000,2.872
36005043100,3.216
36005043400,2.739
36005043500,2.976
36005043600,2.667
36005044200,2.771
36005044400,2.746
36005044800,2.72
36005044901,2.633
36005044902,2.577
36005045101,2.833
36005045102,2.784
36005045600,3.309
36005045800,3.084
36005046000,3.762
36005046201,4.452
36005046202,4.683
36005048400,4.007
36005050400,2.111
36005051600,2.658
36047000100,4.839
36047000200,4.225
36047000301,4.663
36047000501,4.973
36047000502,5.05
36047000700,4.371
36047000900,4.611
36047001100,3.912
36047001300,4.01
36047001500,3.91
36047001800,3.245
36047002000,4.23
36047002100,4.245
36047002200,3.879
36047002300,4.156
36047002901,4.366
36047003000,3.138
36047003100,4.018
36047003300,3.481
36047003400,3.36
36047003500,3.403
36047003600,3.036
36047003700,3.648
36047003800,3.249
36047003900,3.374
36047004100,3.526
36047004300,3.636
36047004400,3.147
36047004500,3.843
36047004600,3.026
36047004700,4.461
36047004900,4.115
36047005000,3.05
36047005100,4.85
36047005201,3.176
36047005202,3.815
36047005300,2.965
36047005400,3.262
36047005601,3.557
36047005602,3.739
36047005800,3.012
36047005900,3.705
36047006000,2.958
36047006200,2.862
36047006300,3.885
36047006400,2.84
36047006500,3.448
36047006600,3.117
36047006700,3.478
36047006800,3.099
36047006900,3.548
36047007000,3.606
36047007100,3.418
36047007200,5.213
36047007400,3.34
36047007500,3.351
36047007600,3.289
36047007700,3.307
36047007800,3.311
36047008000,3.188
36047008200,3.153
36047008400,3.065
36047008500,3.238
36047008600,X
36047008800,2.932
36047009000,2.929
36047009200,3.04
36047009400,3.021
36047009600,3.025
36047009800,3.068
36047010000,3.075
36047010100,3.121
36047010200,3.07
36047010400,3.022
36047010600,3.17
36047010800,3.037
36047011000,3.05
36047011200,3.043
36047011400,2.888
36047011600,2.835
36047011700,3.683
36047011800,2.88
36047011900,3.421
36047012000,3.045
36047012100,3.305
36047012200,3.694
36047012600,3.778
36047012700,3.316
36047012801,2.879
36047012901,3.231
36047012902,3.284
36047013000,3.052
36047013100,3.408
36047013200,2.756
36047013300,3.323
36047013400,3.254
36047013500,3.355
36047013600,3.413
36047013700,3.238
36047013800,3.386
36047013900,3.486
36047014000,3.306
36047014100,3.617
36047014200,3.933
36047014300,6.805
36047014500,3.509
36047014700,5.68
36047014800,2.808
36047014900,4.435
36047015000,2.797
36047015100,3.528
36047015200,3.728
36047015300,3.406
36047015400,X
36047015500,3.209
36047015700,3.392
36047015900,3.234
36047016000,3.753
36047016100,3.293
36047016200,4.068
36047016300,3.142
36047016400,4.048
36047016500,3.352
36047016600,2.885
36047016700,3.389
36047016800,3.683
36047016900,4.015
36047017000,2.982
36047017100,4.052
36047017200,2.849
36047017400,3.372
36047017500,2.47
36047017600,3.544
36047017700,X
36047017800,2.977
36047017900,3.222
36047018000,2.927
36047018100,3.54
36047018200,3.068
36047018300,3.865
36047018400,2.793
36047018501,4.773
36047018600,2.872
36047018700,4.568
36047018800,2.894
36047019000,3.008
36047019100,4.24
36047019200,2.708
36047019300,3.321
36047019400,2.73
36047019500,3.501
36047019600,2.985
36047019700,3.293
36047019800,2.843
36047019900,3.205
36047020000,2.911
36047020100,3.239
36047020200,2.959
36047020300,3.155
36047020400,2.963
36047020500,3.281
36047020600,2.879
36047020700,3.41
36047020800,2.859
36047021000,2.83
36047021100,3.923
36047021200,2.8
36047021300,3.335
36047021400,2.776
36047021500,3.452
36047021600,2.735
36047021700,3.339
36047021800,2.792
36047021900,3.132
36047022000,2.884
36047022100,3.139
36047022200,2.907
36047022400,2.9
36047022600,3.041
36047022700,3.157
36047022800,3.031
36047022900,3.386
36047023000,2.907
36047023100,3.334
36047023200,2.914
36047023300,3.312
36047023400,2.848
36047023500,3.396
36047023600,2.837
36047023800,2.769
36047024000,2.762
36047024100,3.321
36047024200,2.661
36047024300,3.189
36047024400,2.716
36047024500,3.204
36047024600,3.332
36047024700,3.212
36047024800,3.016
36047024900,3.124
36047025000,2.832
36047025100,3.101
36047025200,3.003
36047025300,3.148
36047025400,3.095
36047025500,3.336
36047025600,2.953
36047025700,3.085
36047025800,3.248
36047025901,3.189
36047025902,3.249
36047026000,3.057
36047026100,3.072
36047026200,2.931
36047026300,2.997
36047026400,2.957
36047026500,3.068
36047026600,3.327
36047026700,3.074
36047026800,2.936
36047026900,3.116
36047027000,2.774
36047027100,3.136
36047027200,2.846
36047027300,3.069
36047027400,2.911
36047027500,3.082
36047027600,2.888
36047027700,3.015
36047027800,2.959
36047027900,3.135
36047028000,3.255
36047028100,3.137
36047028200,3.302
36047028300,3.165
36047028400,2.99
36047028501,3.041
36047028502,3.077
36047028600,3.352
36047028700,3.047
36047028800,2.959
36047028900,3.031
36047029000,2.92
36047029100,3.04
36047029200,3.356
36047029300,3.011
36047029400,3.298
36047029500,3.087
36047029600,2.939
36047029700,3.107
36047029800,2.808
36047029900,3.027
36047030000,3.023
36047030100,2.98
36047030200,2.832
36047030300,3.003
36047030400,2.969
36047030500,3.342
36047030600,2.677
36047030700,3.122
36047030800,2.753
36047030900,3.004
36047031100,3.141
36047031300,3.111
36047031400,2.904
36047031500,3.127
36047031701,3.145
36047031702,3.16
36047031900,3.168
36047032100,3.238
36047032300,3.231
36047032500,3.475
36047032600,2.403
36047032700,3.402
36047032800,2.354
36047032900,3.424
36047033000,2.353
36047033100,3.249
36047033300,3.125
36047033500,3.085
36047033600,2.203
36047033700,3.094
36047033900,3.091
36047034000,2.212
36047034100,3.017
36047034200,2.339
36047034300,3.072
36047034500,3.041
36047034700,3.069
36047034800,2.912
36047034900,3.155
36047035000,2.84
36047035100,3.094
36047035200,2.072
36047035300,3.136
36047035400,3.324
36047035500,3.299
36047035601,4.365
36047035602,5.538
36047035700,2.951
36047035900,3.097
36047036001,3.245
36047036002,2.959
36047036100,3.008
36047036200,3.009
36047036300,2.979
36047036400,3.076
36047036501,3.074
36047036502,2.904
36047036600,3.659
36047036700,2.934
36047036900,2.968
36047037000,2.837
36047037100,2.947
36047037300,3.011
36047037401,3.079
36047037402,3.138
36047037500,3.048
36047037700,2.934
36047037900,3.041
36047038100,2.937
36047038200,2.998
36047038300,3.06
36047038500,3.077
36047038600,2.86
36047038700,2.99
36047038800,2.859
36047038900,3.117
36047039000,2.733
36047039100,3.221
36047039200,2.729
36047039300,3.077
36047039400,2.697
36047039500,3.025
36047039600,2.707
36047039700,3.019
36047039800,2.807
36047039900,3.004
36047040000,2.81
36047040100,2.944
36047040200,2.832
36047040300,3
36047040400,2.837
36047040500,3.012
36047040600,2.86
36047040700,2.879
36047040800,2.876
36047040900,3.058
36047041000,2.722
36047041100,3.003
36047041200,2.843
36047041300,2.968
36047041401,2.858
36047041402,2.714
36047041500,3.017
36047041600,2.842
36047041700,3.068
36047041800,2.758
36047041900,3.059
36047042000,2.944
36047042100,3.078
36047042200,2.834
36047042300,3.081
36047042400,2.879
36047042500,3.16
36047042600,3.009
36047042700,3.229
36047042800,2.956
36047042900,3.198
36047043000,2.946
36047043100,3.215
36047043200,2.998
36047043300,3.134
36047043400,2.936
36047043500,3.095
36047043600,3.037
36047043700,3.094
36047043800,2.879
36047043900,3.039
36047044000,2.841
36047044100,3.24
36047044200,2.83
36047044300,3.221
36047044400,2.953
36047044500,3.181
36047044600,2.941
36047044700,3.299
36047044800,2.656
36047044900,3.133
36047045000,2.616
36047045200,2.549
36047045300,3.193
36047045400,2.691
36047045600,2.691
36047045800,2.816
36047046000,2.923
36047046201,2.768
36047046202,2.727
36047046400,2.803
36047046800,2.641
36047047000,2.587
36047047200,2.659
36047047400,2.87
36047047600,2.805
36047047700,3.958
36047047800,2.792
36047048000,2.75
36047048100,3.486
36047048200,2.897
36047048400,2.792
36047048500,3.446
36047048600,3.016
36047048800,3.242
36047048900,3.516
36047049000,3.166
36047049100,3.453
36047049200,3.099
36047049300,3.314
36047049400,3.432
36047049500,3.416
36047049600,3.228
36047049700,3.642
36047049800,3.249
36047049900,3.473
36047050000,4.466
36047050100,4.21
36047050202,6.641
36047050300,3.44
36047050400,8.068
36047050500,3.337
36047050600,6.573
36047050700,3.188
36047050801,7.513
36047050803,5.938
36047050804,8.023
36047050900,3.333
36047051001,3.998
36047051002,4.338
36047051100,3.544
36047051200,3.92
36047051300,3.86
36047051400,3.354
36047051500,3.57
36047051601,3.415
36047051602,3.45
36047051700,3.4
36047051800,2.868
36047051900,3.778
36047052000,3.014
36047052300,3.882
36047052500,3.727
36047052600,2.97
36047052700,3.795
36047052800,2.793
36047052900,3.763
36047053000,2.767
36047053100,3.619
36047053200,2.66
36047053300,3.997
36047053400,2.713
36047053500,3.658
36047053700,4.324
36047053800,2.671
36047053900,3.804
36047054200,2.846
36047054300,3.539
36047054400,2.844
36047054500,3.967
36047054600,2.879
36047054700,3.483
36047054800,2.707
36047054900,3.721
36047055000,2.992
36047055100,3.679
36047055200,3.055
36047055300,3.452
36047055400,3.056
36047055500,3.568
36047055600,2.814
36047055700,3.452
36047055800,2.934
36047056000,2.937
36047056100,3.579
36047056200,2.711
36047056300,3.676
36047056400,2.881
36047056500,3.624
36047056600,2.838
36047056800,2.761
36047056900,3.534
36047057000,2.869
36047057100,3.464
36047057200,3.388
36047057300,3.53
36047057400,2.823
36047057500,3.688
36047057600,2.905
36047057800,2.824
36047057900,3.652
36047058000,2.8
36047058200,2.811
36047058400,2.86
36047058600,2.692
36047058800,2.8
36047058900,3.509
36047059000,2.739
36047059100,3.539
36047059200,2.895
36047059300,3.509
36047059401,2.844
36047059402,2.875
36047059600,2.813
36047059800,2.92
36047060000,2.88
36047060600,3.054
36047060800,3.924
36047061002,2.638
36047061003,3.1
36047061004,3.199
36047061200,2.545
36047061600,2.244
36047062000,2.464
36047062200,3.271
36047062600,2.869
36047062800,2.487
36047063200,3.014
36047063600,2.647
36047063800,2.737
36047064000,2.545
36047064200,2.614
36047064400,2.52
36047064600,2.471
36047064800,2.514
36047065000,2.527
36047065200,2.497
36047065400,2.479
36047065600,2.487
36047065800,2.717
36047066000,2.795
36047066200,2.675
36047066600,X
36047067000,2.594
36047067200,2.497
36047067400,2.515
36047067600,2.521
36047067800,2.543
36047068000,2.551
36047068200,2.529
36047068600,2.409
36047068800,2.426
36047069000,2.488
36047069200,2.534
36047069601,2.504
36047069602,2.375
36047069800,2.356
36047070000,2.313
36047070201,2.333
36047070202,2.433
36047070203,X
36047070600,2.366
36047072000,2.647
36047072200,2.623
36047072400,2.687
36047072600,2.63
36047072800,2.754
36047073000,2.661
36047073200,2.699
36047073400,2.649
36047073600,2.565
36047073800,2.631
36047074000,2.708
36047074200,2.615
36047074400,2.536
36047074600,2.517
36047074800,2.493
36047075000,2.574
36047075200,2.504
36047075400,2.478
36047075600,2.493
36047075800,2.444
36047076000,2.51
36047076200,2.671
36047076400,2.885
36047076600,2.782
36047076800,2.702
36047077000,2.842
36047077200,2.736
36047077400,2.762
36047077600,2.867
36047078000,2.913
36047078200,2.898
36047078400,3.179
36047078600,2.98
36047078800,2.854
36047079000,3.085
36047079200,3.255
36047079400,3.583
36047079601,4.81
36047079602,8.314
36047079801,3.759
36047079802,4.206
36047080000,3.409
36047080200,3.91
36047080400,3.533
36047080600,3.26
36047080800,3.42
36047081000,3.333
36047081400,5.761
36047081600,6.932
36047081800,8.124
36047082000,7.166
36047082200,7.095
36047082400,3.685
36047082600,3.303
36047082800,3.017
36047083000,3.07
36047083200,3.084
36047083400,2.906
36047083600,2.728
36047083800,2.884
36047084000,2.83
36047084600,2.915
36047084800,3.014
36047085000,2.994
36047085200,2.804
36047085400,3.032
36047085600,3.651
36047085800,3.631
36047086000,3.539
36047086200,3.528
36047086400,7.693
36047086600,4.785
36047086800,6.934
36047087000,5.532
36047087200,7.424
36047087401,3.388
36047087600,3.361
36047087800,3.758
36047088000,3.336
36047088200,3.547
36047088400,3.437
36047088600,4.127
36047088800,6.6
36047089000,5.288
36047089200,3.336
36047089400,3.586
36047089600,3.673
36047089800,3.133
36047090000,3.048
36047090200,3.084
36047090600,3.041
36047090800,3.041
36047091000,3.261
36047091200,3.25
36047091600,3.477
36047091800,3.428
36047092000,4.238
36047092200,5.979
36047092400,3.15
36047092800,5.455
36047093000,3.359
36047093200,2.855
36047093400,3.476
36047093600,3.468
36047093800,3.406
36047094401,2.813
36047094402,2.805
36047094600,3.015
36047095000,2.804
36047095400,3.086
36047095600,2.721
36047095800,2.802
36047096000,X
36047096200,2.861
36047096400,2.806
36047096600,2.79
36047096800,2.892
36047097000,3.063
36047097400,3.087
36047098200,3.144
36047098400,2.976
36047098600,2.906
36047098800,2.771
36047099000,2.629
36047099200,2.758
36047099400,2.688
36047099600,2.794
36047099800,2.526
36047100400,2.719
36047100600,2.661
36047100800,2.524
36047101000,2.583
36047101200,2.629
36047101400,2.642
36047101600,2.739
36047101800,2.776
36047102000,2.683
36047102200,2.556
36047102400,2.523
36047102600,2.608
36047102800,2.606
36047103400,2.498
36047105801,3.226
36047105804,2.92
36047107000,2.993
36047107800,3.749
36047109800,4.865
36047110400,5.681
36047110600,3.958
36047111000,7.961
36047111600,7.417
36047111800,3.773
36047112000,3.656
36047112200,3.586
36047112400,3.358
36047112600,3.221
36047112800,3.486
36047113000,3.458
36047113200,4.005
36047113400,3.106
36047114201,3.187
36047114202,2.977
36047114400,3.027
36047114600,2.994
36047115000,3.076
36047115200,3.029
36047115600,3.184
36047115800,3.162
36047116000,3.108
36047116200,3.138
36047116400,3.159
36047116600,3.069
36047116800,3.03
36047117000,2.955
36047117201,2.968
36047117202,3.051
36047117400,3.048
36047117601,3.1
36047117602,3.183
36047117800,3.233
36047118000,2.568
36047118201,3.099
36047118202,3.111
36047118400,3.127
36047118600,3.217
36047118800,3.291
36047119000,3.167
36047119200,3.103
36047119400,3.378
36047119600,3.437
36047119800,3.051
36047120000,3.739
36047120200,3.641
36047120800,6.881
36047121000,4.668
36047121400,9.007
36047122000,5.613
36047123700,3.462
36047150200,7.254
36047152200,3.307
36047990100,X
36061000100,1.988
36061000201,3.827
36061000202,3.612
36061000500,X
36061000600,4.009
36061000700,5.185
36061000800,4.192
36061000900,5.276
36061001001,3.582
36061001002,3.867
36061001200,3.962
36061001300,5.799
36061001401,4.316
36061001402,4.376
36061001501,4.756
36061001502,4.917
36061001600,4.541
36061001800,4.35
36061002000,3.725
36061002100,6.263
36061002201,4.331
36061002202,4.485
36061002400,3.765
36061002500,4.015
36061002601,4.27
36061002602,4.365
36061002700,4.161
36061002800,4.332
36061002900,4.364
36061003001,4.47
36061003002,4.436
36061003100,4.629
36061003200,4.57
36061003300,4.789
36061003400,4.506
36061003601,4.426
36061003602,4.52
36061003700,5.834
36061003800,4.842
36061003900,5.923
36061004000,4.9
36061004100,4.698
36061004200,4.938
36061004300,4.728
36061004400,4.276
36061004500,4.784
36061004700,4.52
36061004800,5.067
36061004900,4.708
36061005000,5.277
36061005200,5.209
36061005400,5.524
36061005501,4.843
36061005502,4.659
36061005600,5.517
36061005700,5.008
36061005800,5.763
36061005900,5.093
36061006000,4.335
36061006100,5.168
36061006200,5.007
36061006300,5.164
36061006400,5.311
36061006500,4.764
36061006600,5.696
36061006700,4.963
36061006800,5.626
36061006900,5.166
36061007000,5.801
36061007100,4.977
36061007200,5.886
36061007300,5.101
36061007400,6.111
36061007500,5.536
36061007600,6.048
36061007700,5.122
36061007800,7.663
36061007900,5.817
36061008000,6.217
36061008100,5.419
36061008200,6.401
36061008300,5.062
36061008400,5.822
36061008601,7.935
36061008602,X
36061008603,5.18
36061008700,5.458
36061008800,6.438
36061008900,5.17
36061009000,5.877
36061009100,5.616
36061009200,6.129
36061009300,5.728
36061009400,5.688
36061009500,5.586
36061009600,5.987
36061009700,5.315
36061009800,5.683
36061009900,6.063
36061010000,5.646
36061010100,5.78
36061010200,5.946
36061010300,5.748
36061010400,5.585
36061010601,5.431
36061010602,4.907
36061010800,6.087
36061010900,5.963
36061011000,5.422
36061011100,6.167
36061011201,5.624
36061011202,5.571
36061011203,5.385
36061011300,4.573
36061011401,5.058
36061011402,5.111
36061011500,5.958
36061011600,4.52
36061011700,9.638
36061011800,5.381
36061011900,5.868
36061012000,4.905
36061012100,5.888
36061012200,4.661
36061012400,5.15
36061012500,6.017
36061012600,5.733
36061012700,5.716
36061012800,5.029
36061012900,6.356
36061013000,4.653
36061013100,5.614
36061013200,5.257
36061013300,5.496
36061013400,5.766
36061013500,5.916
36061013600,5.197
36061013700,5.819
36061013800,5.98
36061013900,5.899
36061014000,5.129
36061014200,4.68
36061014300,3.372
36061014401,5.77
36061014402,5.299
36061014500,5.436
36061014601,5.973
36061014602,5.993
36061014700,5.506
36061014801,5.414
36061014802,5.35
36061014900,5.48
36061015001,5.121
36061015002,4.861
36061015100,5.499
36061015200,4.662
36061015300,5.623
36061015400,5.85
36061015500,5.746
36061015601,5.674
36061015602,4.793
36061015700,5.694
36061015801,5.006
36061015802,5.101
36061015900,5.532
36061016001,4.626
36061016002,4.912
36061016100,5.199
36061016200,4.21
36061016300,4.947
36061016400,4.588
36061016500,4.901
36061016600,4.764
36061016700,4.885
36061016800,4.53
36061016900,5.137
36061017000,4.778
36061017100,4.989
36061017200,4.753
36061017300,5.092
36061017401,4.591
36061017402,4.7
36061017500,5.151
36061017700,5.273
36061017800,4.03
36061017900,4.926
36061018000,4.484
36061018100,5.461
36061018200,4.7
36061018300,5.119
36061018400,4.754
36061018500,4.928
36061018600,4.709
36061018700,4.912
36061018800,4.611
36061018900,4.734
36061019000,4.565
36061019100,4.957
36061019200,4.355
36061019300,4.707
36061019400,4.388
36061019500,4.914
36061019600,4.479
36061019701,4.274
36061019702,4.767
36061019800,4.411
36061019900,4.772
36061020000,4.494
36061020101,4.469
36061020102,4.726
36061020300,4.504
36061020500,4.651
36061020600,4.332
36061020701,4.966
36061020800,4.458
36061020901,4.53
36061021000,4.427
36061021100,4.624
36061021200,4.472
36061021303,4.716
36061021400,4.593
36061021500,4.696
36061021600,4.554
36061021703,3.092
36061021800,4.67
36061021900,4.587
36061022000,4.493
36061022102,4.483
36061022200,4.486
36061022301,4.519
36061022302,5.017
36061022400,4.56
36061022500,4.652
36061022600,4.454
36061022700,4.821
36061022800,4.483
36061022900,4.73
36061023000,4.685
36061023100,4.857
36061023200,4.584
36061023300,4.636
36061023400,4.621
36061023501,4.713
36061023502,4.527
36061023600,4.573
36061023700,4.467
36061023801,4.176
36061023802,4.098
36061023900,4.55
36061024000,4.871
36061024100,4.739
36061024200,4.376
36061024301,4.378
36061024302,4.74
36061024500,4.93
36061024700,4.487
36061024900,4.285
36061025100,4.547
36061025300,5.323
36061025500,6.809
36061025700,4.741
36061025900,5.026
36061026100,8.229
36061026300,9.168
36061026500,15.352
36061026700,4.745
36061026900,5.429
36061027100,8.699
36061027300,6.247
36061027500,8.572
36061027700,5.125
36061027900,8.246
36061028100,5.964
36061028300,7.734
36061028500,8.221
36061028700,6.64
36061029100,6.968
36061029300,6.262
36061029500,8.875
36061029700,3.375
36061029900,4.425
36061030300,7.095
36061030700,6.673
36061030900,5.981
36061031100,2.88
36061031703,5.419
36061031704,5.667
36061031900,3.952
36081000100,4.807
36081000200,3.088
36081000400,3.23
36081000600,3.208
36081000700,5.018
36081000800,3.73
36081001000,3.514
36081001200,3.201
36081001400,3.739
36081001600,4.103
36081001800,3.924
36081001900,5.222
36081002000,4.067
36081002200,4.239
36081002400,3.995
36081002500,6.155
36081002600,4.036
36081002800,4.176
36081003000,3.905
36081003100,5.176
36081003200,3.939
36081003300,5.294
36081003400,3.623
36081003600,4.061
36081003700,X
36081003800,4.065
36081003900,4.009
36081004001,4.003
36081004002,4.72
36081004200,4.091
36081004300,3.966
36081004401,4.796
36081004500,3.893
36081004700,4.195
36081005000,3.962
36081005100,4.419
36081005200,4.273
36081005300,4.245
36081005400,4.459
36081005500,4.939
36081005700,4.385
36081005800,5.595
36081005900,4.324
36081006100,4.261
36081006201,5.818
36081006202,6.133
36081006300,4.244
36081006501,4.778
36081006502,4.482
36081006900,4.05
36081007100,4.165
36081007300,4.109
36081007500,4.183
36081007700,3.965
36081007900,3.927
36081008100,3.834
36081008300,3.819
36081008500,4.012
36081008600,4.238
36081008700,3.779
36081008800,5.772
36081009100,3.869
36081009400,4.19
36081009500,4.761
36081009600,4.345
36081009700,4.115
36081009800,4.598
36081009900,2.592
36081010000,4.449
36081010100,3.906
36081010200,4.256
36081010300,3.721
36081010400,4.481
36081010500,3.815
36081010600,4.392
36081010701,X
36081010800,4.215
36081011000,4.215
36081011100,4
36081011200,4.197
36081011300,4.069
36081011400,4.233
36081011500,4.155
36081011600,4.078
36081011700,4.066
36081011800,3.95
36081011900,4.109
36081012000,4.216
36081012100,4.018
36081012200,4.262
36081012301,3.863
36081012400,4.141
36081012500,5.286
36081012601,4.126
36081012602,4.024
36081012800,3.963
36081013000,4.223
36081013200,4.974
36081013400,3.846
36081013500,4.027
36081013600,3.889
36081013700,4.698
36081013800,4.302
36081014000,5.485
36081014100,4.929
36081014201,4.524
36081014202,4.059
36081014300,4.32
36081014400,5.004
36081014500,4.25
36081014700,4.366
36081014800,4.334
36081014900,4.211
36081015000,4.41
36081015100,4.151
36081015200,5.488
36081015300,4.366
36081015400,4.398
36081015500,4.372
36081015600,4.612
36081015700,4.958
36081015801,5.216
36081015802,4.53
36081015900,5.139
36081016100,5.458
36081016300,4.373
36081016400,4.443
36081016600,4.388
36081016800,4.591
36081016900,4.586
36081017000,5.254
36081017100,3.858
36081017200,4.53
36081017400,4.588
36081017600,4.749
36081017800,4.672
36081017900,6.32
36081018000,5.442
36081018101,6.592
36081018102,6.769
36081018200,5.365
36081018300,5.995
36081018401,5.24
36081018402,4.938
36081018501,5.219
36081018502,5.082
36081018600,5.768
36081018700,7.141
36081018800,5.307
36081018900,4.645
36081019000,4.505
36081019200,5.244
36081019400,5.085
36081019600,4.542
36081019800,5.062
36081019900,4.544
36081020200,6.157
36081020400,4.877
36081020500,4.627
36081020600,5.377
36081020800,4.816
36081021200,4.587
36081021400,5.304
36081021600,5.554
36081021900,2.465
36081022001,5.527
36081022002,4.276
36081022900,3.551
36081023000,3.49
36081023200,3.815
36081023500,5.08
36081023600,4.718
36081023800,5.871
36081024000,4.013
36081024300,4.453
36081024500,6.552
36081024600,X
36081024700,5.645
36081024900,5.43
36081025100,5.232
36081025301,6.184
36081025302,6.065
36081025400,3.771
36081025500,5.067
36081025700,4.67
36081025800,3.236
36081025900,4.408
36081026000,4.24
36081026100,4.503
36081026200,4.236
36081026300,5.886
36081026400,4.034
36081026500,5.08
36081026600,3.818
36081026700,4.522
36081026901,4.819
36081026902,4.872
36081027000,4.329
36081027100,4.796
36081027200,4.509
36081027300,4.78
36081027400,4.371
36081027500,4.935
36081027600,4.439
36081027700,4.819
36081027800,4.26
36081027900,4.649
36081028000,4.182
36081028100,4.943
36081028200,4.047
36081028300,5.147
36081028400,4.557
36081028500,5.064
36081028700,4.857
36081028800,4.858
36081028900,5.101
36081029100,5.872
36081029300,5.468
36081029400,6.199
36081029500,5.035
36081029700,6.157
36081029900,X
36081030600,8.753
36081030902,5.802
36081030903,5.436
36081030904,4.518
36081031700,4.486
36081032000,7.288
36081032700,4.83
36081032800,4.696
36081032900,4.61
36081033000,5.421
36081033100,X
36081033401,4.074
36081033402,5.005
36081033700,5.003
36081033900,5.468
36081034700,5.226
36081035100,5.464
36081035200,4.019
36081035300,5.102
36081035700,4.908
36081035800,4.037
36081036100,4.82
36081036300,4.74
36081036500,4.806
36081036600,4.056
36081036700,4.377
36081036800,3.927
36081037100,4.669
36081037300,5.696
36081037500,4.56
36081037600,3.168
36081037700,5.357
36081037900,5.263
36081038100,4.925
36081038301,X
36081038302,3.091
36081038400,2.851
36081039400,3.055
36081039800,2.795
36081039900,3.953
36081040000,2.847
36081040100,3.898
36081040200,3.077
36081040300,4.118
36081040400,3.011
36081040500,4.153
36081040700,4.191
36081040900,4.361
36081041100,4.11
36081041300,3.957
36081041400,3.007
36081041500,3.886
36081042400,2.939
36081042600,2.726
36081042700,3.914
36081043200,3.652
36081043400,3.124
36081043701,4.309
36081043702,4.566
36081043900,4.029
36081044000,3.104
36081044301,4.141
36081044302,4.183
36081044400,3.255
36081044601,3.892
36081044602,5.301
36081044800,3.445
36081045000,3.449
36081045200,3.465
36081045400,4.505
36081045500,5.125
36081045600,3.845
36081045700,4.445
36081045800,4.545
36081045900,4.255
36081046000,4.298
36081046100,4.234
36081046200,3.537
36081046300,4.294
36081046400,4.139
36081046500,4.36
36081046600,5.091
36081046700,4.404
36081046800,3.95
36081046900,4.619
36081047000,3.832
36081047100,4.451
36081047200,4.217
36081047300,6.063
36081047500,5.028
36081047600,3.535
36081047800,4.633
36081047900,4.148
36081048000,3.815
36081048100,4.71
36081048200,3.67
36081048300,5.102
36081048400,3.081
36081048500,5.48
36081048900,3.976
36081049200,3.692
36081049301,3.893
36081049302,5.146
36081049500,5.107
36081049600,2.93
36081049700,3.758
36081049900,4.371
36081050000,3.056
36081050201,2.991
36081050202,3.288
36081050400,2.894
36081050500,3.939
36081050600,2.827
36081050700,4.474
36081050800,2.791
36081051000,2.883
36081051100,4.976
36081051200,2.671
36081051300,3.774
36081051500,3.783
36081051600,2.818
36081051700,4.846
36081051800,2.893
36081052000,2.765
36081052100,3.616
36081052200,2.799
36081052400,2.854
36081052500,3.648
36081052600,2.939
36081052800,2.86
36081053000,2.815
36081053100,3.662
36081053200,2.791
36081053401,2.741
36081053500,3.181
36081053601,2.871
36081053800,2.703
36081053900,3.265
36081054000,2.725
36081054200,2.868
36081054500,3.353
36081054700,3.346
36081054800,3.65
36081054900,3.421
36081055100,3.417
36081055200,5.294
36081055300,3.315
36081055400,3.728
36081055500,3.199
36081055600,3.13
36081055700,3.219
36081055800,2.799
36081055900,3.1
36081056000,3.3
36081056100,2.918
36081056200,2.95
36081056400,2.862
36081056500,3.018
36081056600,2.711
36081056700,3.035
36081056800,2.967
36081057700,3.198
36081057900,3.21
36081058000,3.022
36081058100,3.252
36081058200,2.688
36081058300,3.329
36081058500,3.42
36081058700,3.299
36081058900,3.346
36081059000,2.65
36081059100,3.311
36081059200,3.197
36081059300,3.197
36081059400,2.642
36081059500,3.216
36081059600,2.796
36081059800,2.713
36081059900,3.389
36081060000,2.843
36081060100,3.256
36081060300,3.313
36081060600,2.841
36081060701,3.018
36081060800,2.729
36081061000,2.823
36081061200,2.679
36081061301,3.157
36081061302,2.613
36081061400,3.108
36081061601,3.282
36081061602,4.231
36081061800,4.09
36081061900,3.151
36081062000,3.851
36081062100,3.239
36081062200,2.86
36081062300,3.064
36081062400,2.084
36081062500,3.051
36081062600,3.872
36081062700,3.224
36081062900,3.1
36081063000,3.837
36081063200,3.748
36081063301,3.159
36081063302,3.009
36081063500,3.057
36081063700,3.292
36081063800,4.111
36081063900,3.439
36081064101,3.943
36081064102,3.431
36081064500,3.208
36081064600,4.094
36081065000,4.399
36081065400,5.671
36081065501,X
36081065600,4.113
36081065702,3.3
36081065703,3.394
36081065900,3.503
36081066000,4.006
36081066100,3.381
36081066300,3.427
36081066400,4.013
36081066501,3.478
36081066701,3.634
36081066900,3.561
36081067100,3.558
36081067700,3.347
36081067900,3.663
36081068000,6.638
36081068200,5.456
36081068300,6
36081068700,5.607
36081069000,5.617
36081069300,4.971
36081069400,5.408
36081069500,3.817
36081069701,4.21
36081069702,3.519
36081070300,3.386
36081070700,3.455
36081070900,3.832
36081071100,4.567
36081071303,7.778
36081071304,6.284
36081071305,6.137
36081071306,5.213
36081071600,X
36081071701,6.098
36081071702,5.53
36081071900,5.43
36081072100,4.987
36081072300,3.397
36081072900,3.281
36081073100,3.166
36081073700,4.8
36081073900,5.305
36081074100,4.784
36081074300,4.347
36081074500,4.679
36081074700,4.048
36081074900,3.724
36081075701,5.716
36081075702,4.648
36081076901,4.676
36081076902,5.526
36081077300,4.446
36081077500,3.715
36081077902,3.365
36081077903,3.571
36081077904,3.531
36081077905,4.133
36081077906,3.292
36081077907,3.315
36081077908,3.325
36081078800,6.988
36081079000,6.545
36081079200,7.605
36081079300,0.755
36081079701,4.441
36081079702,3.562
36081079900,3.531
36081080301,4.157
36081080302,3.826
36081080900,3.092
36081081400,6.133
36081081800,5.94
36081083700,4.008
36081083800,5.061
36081084000,4.486
36081084500,3.642
36081084601,7.485
36081084602,8.651
36081084900,3.711
36081085300,4.195
36081085500,4.21
36081085700,4.336
36081085900,3.831
36081086100,3.625
36081086300,4.074
36081086400,3.902
36081086500,4.157
36081086900,5.358
36081087100,3.861
36081088400,4.209
36081088901,4.563
36081089200,3.675
36081090700,3.476
36081091601,1.793
36081091602,X
36081091800,1.496
36081091900,3.581
36081092200,1.878
36081092500,3.534
36081092800,1.879
36081092900,3.353
36081093401,1.933
36081093402,2.27
36081093800,1.932
36081093900,3.131
36081094201,1.983
36081094202,2.566
36081094203,2.392
36081094500,3.281
36081094700,3.365
36081095400,2.497
36081096400,2.607
36081097202,2.449
36081097203,2.601
36081097204,2.588
36081097300,3.052
36081098100,2.698
36081098700,2.593
36081099100,2.689
36081099200,2.833
36081099701,3.05
36081099703,2.76
36081099704,3.059
36081099705,2.896
36081099801,3.184
36081099802,2.861
36081099900,X
36081100801,3.472
36081100802,3.21
36081101001,2.946
36081101002,2.408
36081101700,2.718
36081102900,2.827
36081103201,3.483
36081103202,3.197
36081103300,2.861
36081103900,3.578
36081104700,3.368
36081105900,2.908
36081107201,2.552
36081107202,X
36081108500,2.928
36081109300,2.958
36081109700,3.546
36081109900,2.959
36081111300,2.775
36081112300,3.376
36081112900,3.854
36081113300,3.268
36081113900,3.179
36081114100,3.153
36081114700,3.109
36081115100,3.073
36081115500,3.739
36081115700,4.099
36081115900,3.522
36081116100,5.063
36081116300,5.005
36081116700,3.34
36081117100,4.055
36081117500,3.964
36081118100,4.58
36081118500,3.511
36081118700,3.435
36081118900,3.215
36081119100,3.257
36081119300,3.129
36081119500,3.119
36081119900,3.114
36081120100,3.14
36081120300,3.189
36081120500,3.274
36081120700,2.925
36081121100,X
36081121500,3.774
36081122300,3.148
36081122701,3.186
36081122702,3.241
36081124100,3.187
36081124700,3.067
36081125700,3.105
36081126500,3.224
36081126700,3.33
36081127700,3.103
36081128300,2.591
36081129102,3.519
36081129103,3.124
36081129104,3.016
36081130100,5.185
36081133300,3.063
36081133900,2.972
36081134100,3.009
36081134700,3.458
36081136700,3.369
36081137700,3.065
36081138501,3.268
36081138502,1.932
36081139900,3.358
36081140300,3.893
36081140901,3.637
36081140902,3.302
36081141700,3.411
36081142900,3.003
36081143500,3.715
36081144100,3.034
36081144700,4.411
36081145101,3.165
36081145102,3.57
36081145900,3.746
36081146300,4.612
36081146700,4.834
36081147100,4.311
36081147900,3.691
36081148300,2.702
36081150701,3.281
36081150702,3.294
36081152901,3.259
36081152902,3.193
36081155101,3.061
36081155102,2.717
36081156700,3.093
36081157101,3.124
36081157102,3.799
36081157901,2.846
36081157902,3.082
36081157903,2.972
36081161700,3.116
36081162100,3.934
36081990100,X
36085000300,2.731
36085000600,2.405
36085000700,2.659
36085000800,2.656
36085000900,2.689
36085001100,2.754
36085001700,2.65
36085001800,2.44
36085002001,3.236
36085002002,3.352
36085002100,2.78
36085002700,2.746
36085002900,2.788
36085003300,2.473
36085003600,3.179
36085003900,2.461
36085004000,3.427
36085004700,2.58
36085005000,2.839
36085005900,2.358
36085006400,2.515
36085006700,2.545
36085007000,2.602
36085007400,2.541
36085007500,2.578
36085007700,2.554
36085008100,2.58
36085009601,2.383
36085009602,2.319
36085009700,2.501
36085010500,2.582
36085011201,2.161
36085011202,2.028
36085011401,2.188
36085011402,2.279
36085012100,2.476
36085012200,2.341
36085012500,2.604
36085012804,2.045
36085012805,1.977
36085012806,1.993
36085013201,2.103
36085013203,2.099
36085013204,2.081
36085013301,2.811
36085013302,2.633
36085013400,2.146
36085013800,2.136
36085014100,2.765
36085014604,2.332
36085014605,2.205
36085014606,2.093
36085014607,2.493
36085014608,2.389
36085014700,2.431
36085015100,2.608
36085015400,X
36085015601,2.133
36085015602,2.069
36085015603,2.002
36085016901,3.025
36085017005,3.501
36085017007,2.193
36085017008,2.51
36085017009,2.607
36085017010,2.494
36085017011,2.761
36085017012,4.328
36085017300,2.607
36085017600,2.176
36085017700,2.534
36085018100,2.12
36085018701,2.787
36085018702,2.788
36085018901,2.589
36085018902,2.831
36085019700,2.707
36085019800,2.115
36085020100,2.759
36085020700,3.044
36085020801,3.12
36085020803,4.444
36085020804,3.821
36085021300,3.815
36085022300,2.548
36085022600,3.339
36085022800,X
36085023100,2.628
36085023900,2.674
36085024401,2.296
36085024402,2.16
36085024700,3.215
36085024800,2.716
36085025100,3.442
36085027301,2.291
36085027302,2.317
36085027702,2.291
36085027704,2.315
36085027705,2.537
36085027706,2.392
36085027900,1.986
36085029102,2.594
36085029103,2.299
36085029104,2.908
36085030301,3.191
36085030302,2.626
36085031901,2.508
36085031902,2.653
36085032300,2.44
36085990100,X
